{
  "best": {
    "_epoch_": {},
    "train": {
      "loss": 0.6050959863359966,
      "loss/mean": 0.6050959863359966,
      "loss/std": 0.058363677420011834,
      "lr": 0.0001,
      "momentum": 0.9
    },
    "valid": {
      "loss": 0.4544191417239961,
      "loss/mean": 0.4544191417239961,
      "loss/std": 0.06166018132440409,
      "lr": 0.0001,
      "momentum": 0.9
    },
    "_score_": "train.30"
  },
  "last": {
    "_epoch_": {},
    "train": {
      "loss": 0.6050959863359966,
      "loss/mean": 0.6050959863359966,
      "loss/std": 0.058363677420011834,
      "lr": 0.0001,
      "momentum": 0.9
    },
    "valid": {
      "loss": 0.4544191417239961,
      "loss/mean": 0.4544191417239961,
      "loss/std": 0.06166018132440409,
      "lr": 0.0001,
      "momentum": 0.9
    },
    "_score_": 0.4544191417239961
  },
  "train.30": {
    "_epoch_": {},
    "train": {
      "loss": 0.6050959863359966,
      "loss/mean": 0.6050959863359966,
      "loss/std": 0.058363677420011834,
      "lr": 0.0001,
      "momentum": 0.9
    },
    "valid": {
      "loss": 0.4544191417239961,
      "loss/mean": 0.4544191417239961,
      "loss/std": 0.06166018132440409,
      "lr": 0.0001,
      "momentum": 0.9
    },
    "_score_": 0.4544191417239961
  }
}