{
  "best": {
    "_epoch_": {},
    "train": {
      "loss": 0.9896553811572847,
      "loss/mean": 0.9896553811572847,
      "loss/std": 0.0005171345197967665,
      "lr": 0.001,
      "momentum": 0.9
    },
    "valid": {
      "loss": 0.9851386547088623,
      "loss/mean": 0.9851386547088623,
      "loss/std": 0.0010551461920310582,
      "lr": 0.001,
      "momentum": 0.9
    },
    "_score_": "train.25"
  },
  "last": {
    "_epoch_": {},
    "train": {
      "loss": 0.9896553811572847,
      "loss/mean": 0.9896553811572847,
      "loss/std": 0.0005171345197967665,
      "lr": 0.001,
      "momentum": 0.9
    },
    "valid": {
      "loss": 0.9851386547088623,
      "loss/mean": 0.9851386547088623,
      "loss/std": 0.0010551461920310582,
      "lr": 0.001,
      "momentum": 0.9
    },
    "_score_": 25.0
  },
  "train.25": {
    "_epoch_": {},
    "train": {
      "loss": 0.9896553811572847,
      "loss/mean": 0.9896553811572847,
      "loss/std": 0.0005171345197967665,
      "lr": 0.001,
      "momentum": 0.9
    },
    "valid": {
      "loss": 0.9851386547088623,
      "loss/mean": 0.9851386547088623,
      "loss/std": 0.0010551461920310582,
      "lr": 0.001,
      "momentum": 0.9
    },
    "_score_": 25.0
  }
}