{
  "best": {
    "_epoch_": {},
    "train": {
      "iou/class_00": 0.47233325242996216,
      "iou/class_01": 0.026921914890408516,
      "iou/class_02": 0.36670351028442383,
      "iou/class_03": 0.3649473488330841,
      "iou/_micro": 0.31687524914741516,
      "iou": 0.30772650241851807,
      "iou/_macro": 0.30772650241851807,
      "dice/class_00": 0.6416118741035461,
      "dice/class_01": 0.05243225395679474,
      "dice/class_02": 0.5366247892379761,
      "dice/class_03": 0.5347420573234558,
      "dice/_micro": 0.4812532365322113,
      "dice": 0.4413527250289917,
      "dice/_macro": 0.4413527250289917,
      "trevsky/class_00": 0.6450393199920654,
      "trevsky/class_01": 0.03381093963980675,
      "trevsky/class_02": 0.6810888648033142,
      "trevsky/class_03": 0.4338332414627075,
      "trevsky/_micro": 0.4625416100025177,
      "trevsky": 0.44844308495521545,
      "trevsky/_macro": 0.44844308495521545,
      "loss": 0.5191773147810073,
      "loss/mean": 0.5191773147810073,
      "loss/std": 0.05534753121499623,
      "lr": 0.0001,
      "momentum": 0.9
    },
    "valid": {
      "iou/class_00": 0.38151612877845764,
      "iou/class_01": 0.01945236697793007,
      "iou/class_02": 0.416512668132782,
      "iou/class_03": 0.6303686499595642,
      "iou/_micro": 0.4144090414047241,
      "iou": 0.3619624376296997,
      "iou/_macro": 0.3619624376296997,
      "dice/class_00": 0.5523151159286499,
      "dice/class_01": 0.03816238418221474,
      "dice/class_02": 0.5880817770957947,
      "dice/class_03": 0.7732836604118347,
      "dice/_micro": 0.5859819054603577,
      "dice": 0.4879607558250427,
      "dice/_macro": 0.4879607558250427,
      "trevsky/class_00": 0.6472077965736389,
      "trevsky/class_01": 0.024878481402993202,
      "trevsky/class_02": 0.7191228866577148,
      "trevsky/class_03": 0.7110058665275574,
      "trevsky/_micro": 0.5855796337127686,
      "trevsky": 0.5255537629127502,
      "trevsky/_macro": 0.5255537629127502,
      "loss": 0.4140176347323826,
      "loss/mean": 0.4140176347323826,
      "loss/std": 0.04759967275603644,
      "lr": 0.0001,
      "momentum": 0.9
    },
    "_score_": "train.30"
  },
  "last": {
    "_epoch_": {},
    "train": {
      "iou/class_00": 0.47233325242996216,
      "iou/class_01": 0.026921914890408516,
      "iou/class_02": 0.36670351028442383,
      "iou/class_03": 0.3649473488330841,
      "iou/_micro": 0.31687524914741516,
      "iou": 0.30772650241851807,
      "iou/_macro": 0.30772650241851807,
      "dice/class_00": 0.6416118741035461,
      "dice/class_01": 0.05243225395679474,
      "dice/class_02": 0.5366247892379761,
      "dice/class_03": 0.5347420573234558,
      "dice/_micro": 0.4812532365322113,
      "dice": 0.4413527250289917,
      "dice/_macro": 0.4413527250289917,
      "trevsky/class_00": 0.6450393199920654,
      "trevsky/class_01": 0.03381093963980675,
      "trevsky/class_02": 0.6810888648033142,
      "trevsky/class_03": 0.4338332414627075,
      "trevsky/_micro": 0.4625416100025177,
      "trevsky": 0.44844308495521545,
      "trevsky/_macro": 0.44844308495521545,
      "loss": 0.5191773147810073,
      "loss/mean": 0.5191773147810073,
      "loss/std": 0.05534753121499623,
      "lr": 0.0001,
      "momentum": 0.9
    },
    "valid": {
      "iou/class_00": 0.38151612877845764,
      "iou/class_01": 0.01945236697793007,
      "iou/class_02": 0.416512668132782,
      "iou/class_03": 0.6303686499595642,
      "iou/_micro": 0.4144090414047241,
      "iou": 0.3619624376296997,
      "iou/_macro": 0.3619624376296997,
      "dice/class_00": 0.5523151159286499,
      "dice/class_01": 0.03816238418221474,
      "dice/class_02": 0.5880817770957947,
      "dice/class_03": 0.7732836604118347,
      "dice/_micro": 0.5859819054603577,
      "dice": 0.4879607558250427,
      "dice/_macro": 0.4879607558250427,
      "trevsky/class_00": 0.6472077965736389,
      "trevsky/class_01": 0.024878481402993202,
      "trevsky/class_02": 0.7191228866577148,
      "trevsky/class_03": 0.7110058665275574,
      "trevsky/_micro": 0.5855796337127686,
      "trevsky": 0.5255537629127502,
      "trevsky/_macro": 0.5255537629127502,
      "loss": 0.4140176347323826,
      "loss/mean": 0.4140176347323826,
      "loss/std": 0.04759967275603644,
      "lr": 0.0001,
      "momentum": 0.9
    },
    "_score_": 0.4140176347323826
  },
  "train.30": {
    "_epoch_": {},
    "train": {
      "iou/class_00": 0.47233325242996216,
      "iou/class_01": 0.026921914890408516,
      "iou/class_02": 0.36670351028442383,
      "iou/class_03": 0.3649473488330841,
      "iou/_micro": 0.31687524914741516,
      "iou": 0.30772650241851807,
      "iou/_macro": 0.30772650241851807,
      "dice/class_00": 0.6416118741035461,
      "dice/class_01": 0.05243225395679474,
      "dice/class_02": 0.5366247892379761,
      "dice/class_03": 0.5347420573234558,
      "dice/_micro": 0.4812532365322113,
      "dice": 0.4413527250289917,
      "dice/_macro": 0.4413527250289917,
      "trevsky/class_00": 0.6450393199920654,
      "trevsky/class_01": 0.03381093963980675,
      "trevsky/class_02": 0.6810888648033142,
      "trevsky/class_03": 0.4338332414627075,
      "trevsky/_micro": 0.4625416100025177,
      "trevsky": 0.44844308495521545,
      "trevsky/_macro": 0.44844308495521545,
      "loss": 0.5191773147810073,
      "loss/mean": 0.5191773147810073,
      "loss/std": 0.05534753121499623,
      "lr": 0.0001,
      "momentum": 0.9
    },
    "valid": {
      "iou/class_00": 0.38151612877845764,
      "iou/class_01": 0.01945236697793007,
      "iou/class_02": 0.416512668132782,
      "iou/class_03": 0.6303686499595642,
      "iou/_micro": 0.4144090414047241,
      "iou": 0.3619624376296997,
      "iou/_macro": 0.3619624376296997,
      "dice/class_00": 0.5523151159286499,
      "dice/class_01": 0.03816238418221474,
      "dice/class_02": 0.5880817770957947,
      "dice/class_03": 0.7732836604118347,
      "dice/_micro": 0.5859819054603577,
      "dice": 0.4879607558250427,
      "dice/_macro": 0.4879607558250427,
      "trevsky/class_00": 0.6472077965736389,
      "trevsky/class_01": 0.024878481402993202,
      "trevsky/class_02": 0.7191228866577148,
      "trevsky/class_03": 0.7110058665275574,
      "trevsky/_micro": 0.5855796337127686,
      "trevsky": 0.5255537629127502,
      "trevsky/_macro": 0.5255537629127502,
      "loss": 0.4140176347323826,
      "loss/mean": 0.4140176347323826,
      "loss/std": 0.04759967275603644,
      "lr": 0.0001,
      "momentum": 0.9
    },
    "_score_": 0.4140176347323826
  }
}