{
  "best": {
    "_epoch_": {},
    "train": {
      "loss": 0.5329129241761708,
      "loss/mean": 0.5329129241761708,
      "loss/std": 0.020997825377022373,
      "lr": 0.0001,
      "momentum": 0.9
    },
    "valid": {
      "loss": 0.4388189883459182,
      "loss/mean": 0.4388189883459182,
      "loss/std": 0.057490722999215656,
      "lr": 0.0001,
      "momentum": 0.9
    },
    "_score_": "train.15"
  },
  "last": {
    "_epoch_": {},
    "train": {
      "loss": 0.5329129241761708,
      "loss/mean": 0.5329129241761708,
      "loss/std": 0.020997825377022373,
      "lr": 0.0001,
      "momentum": 0.9
    },
    "valid": {
      "loss": 0.4388189883459182,
      "loss/mean": 0.4388189883459182,
      "loss/std": 0.057490722999215656,
      "lr": 0.0001,
      "momentum": 0.9
    },
    "_score_": 0.4388189883459182
  },
  "train.15": {
    "_epoch_": {},
    "train": {
      "loss": 0.5329129241761708,
      "loss/mean": 0.5329129241761708,
      "loss/std": 0.020997825377022373,
      "lr": 0.0001,
      "momentum": 0.9
    },
    "valid": {
      "loss": 0.4388189883459182,
      "loss/mean": 0.4388189883459182,
      "loss/std": 0.057490722999215656,
      "lr": 0.0001,
      "momentum": 0.9
    },
    "_score_": 0.4388189883459182
  }
}