{
  "best": {
    "_epoch_": {},
    "train": {
      "iou/class_00": 0.4321187436580658,
      "iou/class_01": 0.029447520151734352,
      "iou/class_02": 0.3230162262916565,
      "iou/class_03": 0.40387988090515137,
      "iou/_micro": 0.3071008622646332,
      "iou": 0.29711559414863586,
      "iou/_macro": 0.29711559414863586,
      "dice/class_00": 0.6034677624702454,
      "dice/class_01": 0.05721033737063408,
      "dice/class_02": 0.48830270767211914,
      "dice/class_03": 0.5753766894340515,
      "dice/_micro": 0.46989619731903076,
      "dice": 0.4310894012451172,
      "dice/_macro": 0.4310894012451172,
      "trevsky/class_00": 0.6529389023780823,
      "trevsky/class_01": 0.03726118057966232,
      "trevsky/class_02": 0.567196786403656,
      "trevsky/class_03": 0.5218008756637573,
      "trevsky/_micro": 0.4493575096130371,
      "trevsky": 0.4447994530200958,
      "trevsky/_macro": 0.4447994530200958,
      "loss": 0.5295167726183694,
      "loss/mean": 0.5295167726183694,
      "loss/std": 0.05084849724279511,
      "lr": 0.0001,
      "momentum": 0.9
    },
    "valid": {
      "iou/class_00": 0.2930426001548767,
      "iou/class_01": 0.01987217180430889,
      "iou/class_02": 0.45489126443862915,
      "iou/class_03": 0.6232187747955322,
      "iou/_micro": 0.41369327902793884,
      "iou": 0.34775620698928833,
      "iou/_macro": 0.34775620698928833,
      "dice/class_00": 0.45326051115989685,
      "dice/class_01": 0.03896993026137352,
      "dice/class_02": 0.6253268122673035,
      "dice/class_03": 0.7678802013397217,
      "dice/_micro": 0.5852659940719604,
      "dice": 0.47135937213897705,
      "dice/_macro": 0.47135937213897705,
      "trevsky/class_00": 0.5984958410263062,
      "trevsky/class_01": 0.025438077747821808,
      "trevsky/class_02": 0.7212234735488892,
      "trevsky/class_03": 0.7065292596817017,
      "trevsky/_micro": 0.5848641395568848,
      "trevsky": 0.5129216909408569,
      "trevsky/_macro": 0.5129216909408569,
      "loss": 0.41473529452369323,
      "loss/mean": 0.41473529452369323,
      "loss/std": 0.05333755851163936,
      "lr": 0.0001,
      "momentum": 0.9
    },
    "_score_": "train.23"
  },
  "last": {
    "_epoch_": {},
    "train": {
      "iou/class_00": 0.45607227087020874,
      "iou/class_01": 0.0246207844465971,
      "iou/class_02": 0.3424872159957886,
      "iou/class_03": 0.36062324047088623,
      "iou/_micro": 0.3027886748313904,
      "iou": 0.29595088958740234,
      "iou/_macro": 0.29595088958740234,
      "dice/class_00": 0.6264418363571167,
      "dice/class_01": 0.04805833846330643,
      "dice/class_02": 0.5102279186248779,
      "dice/class_03": 0.5300853848457336,
      "dice/_micro": 0.4648316204547882,
      "dice": 0.4287033677101135,
      "dice/_macro": 0.4287033677101135,
      "trevsky/class_00": 0.6282085180282593,
      "trevsky/class_01": 0.030985720455646515,
      "trevsky/class_02": 0.655982255935669,
      "trevsky/class_03": 0.4277220666408539,
      "trevsky/_micro": 0.4467584192752838,
      "trevsky": 0.4357246458530426,
      "trevsky/_macro": 0.4357246458530426,
      "loss": 0.5354488510934133,
      "loss/mean": 0.5354488510934133,
      "loss/std": 0.058912233677289684,
      "lr": 0.0001,
      "momentum": 0.9
    },
    "valid": {
      "iou/class_00": 0.34482043981552124,
      "iou/class_01": 0.019570231437683105,
      "iou/class_02": 0.3871819078922272,
      "iou/class_03": 0.6040084958076477,
      "iou/_micro": 0.394428014755249,
      "iou": 0.3388952612876892,
      "iou/_macro": 0.3388952612876892,
      "dice/class_00": 0.5128126740455627,
      "dice/class_01": 0.0383891798555851,
      "dice/class_02": 0.558228075504303,
      "dice/class_03": 0.7531237602233887,
      "dice/_micro": 0.5657201409339905,
      "dice": 0.4656384289264679,
      "dice/_macro": 0.4656384289264679,
      "trevsky/class_00": 0.6158658266067505,
      "trevsky/class_01": 0.02505403570830822,
      "trevsky/class_02": 0.6953558325767517,
      "trevsky/class_03": 0.6801566481590271,
      "trevsky/_micro": 0.565331757068634,
      "trevsky": 0.5041080713272095,
      "trevsky/_macro": 0.5041080713272095,
      "loss": 0.4342790586607797,
      "loss/mean": 0.4342790586607797,
      "loss/std": 0.04537258267840636,
      "lr": 0.0001,
      "momentum": 0.9
    },
    "_score_": 0.4342790586607797
  },
  "train.23": {
    "_epoch_": {},
    "train": {
      "iou/class_00": 0.4321187436580658,
      "iou/class_01": 0.029447520151734352,
      "iou/class_02": 0.3230162262916565,
      "iou/class_03": 0.40387988090515137,
      "iou/_micro": 0.3071008622646332,
      "iou": 0.29711559414863586,
      "iou/_macro": 0.29711559414863586,
      "dice/class_00": 0.6034677624702454,
      "dice/class_01": 0.05721033737063408,
      "dice/class_02": 0.48830270767211914,
      "dice/class_03": 0.5753766894340515,
      "dice/_micro": 0.46989619731903076,
      "dice": 0.4310894012451172,
      "dice/_macro": 0.4310894012451172,
      "trevsky/class_00": 0.6529389023780823,
      "trevsky/class_01": 0.03726118057966232,
      "trevsky/class_02": 0.567196786403656,
      "trevsky/class_03": 0.5218008756637573,
      "trevsky/_micro": 0.4493575096130371,
      "trevsky": 0.4447994530200958,
      "trevsky/_macro": 0.4447994530200958,
      "loss": 0.5295167726183694,
      "loss/mean": 0.5295167726183694,
      "loss/std": 0.05084849724279511,
      "lr": 0.0001,
      "momentum": 0.9
    },
    "valid": {
      "iou/class_00": 0.2930426001548767,
      "iou/class_01": 0.01987217180430889,
      "iou/class_02": 0.45489126443862915,
      "iou/class_03": 0.6232187747955322,
      "iou/_micro": 0.41369327902793884,
      "iou": 0.34775620698928833,
      "iou/_macro": 0.34775620698928833,
      "dice/class_00": 0.45326051115989685,
      "dice/class_01": 0.03896993026137352,
      "dice/class_02": 0.6253268122673035,
      "dice/class_03": 0.7678802013397217,
      "dice/_micro": 0.5852659940719604,
      "dice": 0.47135937213897705,
      "dice/_macro": 0.47135937213897705,
      "trevsky/class_00": 0.5984958410263062,
      "trevsky/class_01": 0.025438077747821808,
      "trevsky/class_02": 0.7212234735488892,
      "trevsky/class_03": 0.7065292596817017,
      "trevsky/_micro": 0.5848641395568848,
      "trevsky": 0.5129216909408569,
      "trevsky/_macro": 0.5129216909408569,
      "loss": 0.41473529452369323,
      "loss/mean": 0.41473529452369323,
      "loss/std": 0.05333755851163936,
      "lr": 0.0001,
      "momentum": 0.9
    },
    "_score_": 0.41473529452369323
  }
}